{"cameraMode":{"drawMode":0,"name":"Shaded","section":"Shading Mode"},"sceneLighting":true,"audioPlay":false,"sceneViewState":{"showFog":true,"showMaterialUpdate":false,"showSkybox":true,"showFlares":true,"showImageEffects":true,"showParticleSystems":true},"in2DMode":false,"pivot":{"x":-0.023197263479232789,"y":-0.19791503250598908,"z":0.07685137540102005},"rotation":{"x":0.4861227571964264,"y":-0.36551839113235476,"z":0.2342841774225235,"w":0.7584179639816284},"size":0.7264501452445984,"orthographic":false}