{"cameraMode":{"drawMode":0,"name":"Shaded","section":"Shading Mode"},"sceneLighting":true,"audioPlay":false,"sceneViewState":{"showFog":true,"showMaterialUpdate":false,"showSkybox":true,"showFlares":true,"showImageEffects":true,"showParticleSystems":true},"in2DMode":false,"pivot":{"x":-0.014812023378908635,"y":-0.23409084975719453,"z":-0.04131559282541275},"rotation":{"x":0.7414780855178833,"y":0.1079503670334816,"z":-0.12300849705934525,"w":0.6507156491279602},"size":0.42645013332366946,"orthographic":false}